YearMonth,TimeIndex,Month,Quarter,MonthSin,MonthCos,ForecastRevenue
2024-01,24,1,1,0.49999999999999994,0.8660254037844387,19577.15
2024-02,25,2,1,0.8660254037844386,0.5000000000000001,19699.76
2024-03,26,3,1,1.0,6.123233995736766e-17,16618.66
2024-04,27,4,2,0.8660254037844387,-0.4999999999999998,23529.88
2024-05,28,5,2,0.49999999999999994,-0.8660254037844387,17205.12
2024-06,29,6,2,1.2246467991473532e-16,-1.0,11709.56
